Datetime,Water Level (m)
2026-04-14 12:00:00,-0.38062614
2026-04-14 13:00:00,-0.3063501
2026-04-14 14:00:00,-0.06944161
2026-04-14 15:00:00,0.1813552
2026-04-14 16:00:00,0.3527322
2026-04-14 17:00:00,0.44951114
2026-04-14 18:00:00,0.47873408
2026-04-14 19:00:00,0.35501817
2026-04-14 20:00:00,0.18334866
2026-04-14 21:00:00,0.05004304
2026-04-14 22:00:00,-0.074697934
2026-04-14 23:00:00,-0.21103486
2026-04-15 00:00:00,-0.3389908
2026-04-15 01:00:00,-0.41116223
2026-04-15 02:00:00,-0.21843801
2026-04-15 03:00:00,0.07937704
2026-04-15 04:00:00,0.3074249
2026-04-15 05:00:00,0.42572963
2026-04-15 06:00:00,0.46432137
2026-04-15 07:00:00,0.39317834
2026-04-15 08:00:00,0.2228984
2026-04-15 09:00:00,0.08078342
2026-04-15 10:00:00,-0.029244179
2026-04-15 11:00:00,-0.1537092
2026-04-15 12:00:00,-0.26993105
2026-04-15 13:00:00,-0.35548347
2026-04-15 14:00:00,-0.20310695
2026-04-15 15:00:00,0.1129654
2026-04-15 16:00:00,0.38470554
2026-04-15 17:00:00,0.523662
2026-04-15 18:00:00,0.5755448
2026-04-15 19:00:00,0.50059843
2026-04-15 20:00:00,0.31840461
2026-04-15 21:00:00,0.16007476
2026-04-15 22:00:00,0.04010836
2026-04-15 23:00:00,-0.08697754
2026-04-16 00:00:00,-0.22744921
2026-04-16 01:00:00,-0.3553262
2026-04-16 02:00:00,-0.36803806
2026-04-16 03:00:00,-0.064812824
2026-04-16 04:00:00,0.27298254
2026-04-16 05:00:00,0.48328885
2026-04-16 06:00:00,0.59130776
2026-04-16 07:00:00,0.600948
2026-04-16 08:00:00,0.45826298
2026-04-16 09:00:00,0.26794863
2026-04-16 10:00:00,0.13795851
2026-04-16 11:00:00,0.016972126
2026-04-16 12:00:00,-0.11948977
2026-04-16 13:00:00,-0.24178594
2026-04-16 14:00:00,-0.31442857
2026-04-16 15:00:00,-0.071232215
2026-04-16 16:00:00,0.26995522
2026-04-16 17:00:00,0.50440526
2026-04-16 18:00:00,0.6268439
2026-04-16 19:00:00,0.62536556
2026-04-16 20:00:00,0.4754612
2026-04-16 21:00:00,0.27384314
2026-04-16 22:00:00,0.12990278
2026-04-16 23:00:00,0.00023169046
2026-04-17 00:00:00,-0.14763045
2026-04-17 01:00:00,-0.2873824
2026-04-17 02:00:00,-0.41069767
2026-04-17 03:00:00,-0.34592727
2026-04-17 04:00:00,0.026905624
2026-04-17 05:00:00,0.38505015
2026-04-17 06:00:00,0.56942177
2026-04-17 07:00:00,0.6642776
2026-04-17 08:00:00,0.61690366
2026-04-17 09:00:00,0.42304277
2026-04-17 10:00:00,0.24828221
2026-04-17 11:00:00,0.13155618
2026-04-17 12:00:00,0.005807809
2026-04-17 13:00:00,-0.12605469
2026-04-17 14:00:00,-0.2617706
2026-04-17 15:00:00,-0.29385647
2026-04-17 16:00:00,0.0058685704
2026-04-17 17:00:00,0.35146064
2026-04-17 18:00:00,0.55868495
2026-04-17 19:00:00,0.6477979
2026-04-17 20:00:00,0.58787245
2026-04-17 21:00:00,0.3947865
2026-04-17 22:00:00,0.20466304
2026-04-17 23:00:00,0.07592215
2026-04-18 00:00:00,-0.05598357
2026-04-18 01:00:00,-0.20499845
2026-04-18 02:00:00,-0.3430309
2026-04-18 03:00:00,-0.445436
2026-04-18 04:00:00,-0.20854078
2026-04-18 05:00:00,0.18078993
2026-04-18 06:00:00,0.48268557
2026-04-18 07:00:00,0.6644671
2026-04-18 08:00:00,0.73185104
2026-04-18 09:00:00,0.63132656
2026-04-18 10:00:00,0.41989776
2026-04-18 11:00:00,0.26459122
2026-04-18 12:00:00,0.14434181
2026-04-18 13:00:00,0.017362168
2026-04-18 14:00:00,-0.12553982
2026-04-18 15:00:00,-0.23533781
2026-04-18 16:00:00,-0.15861028
2026-04-18 17:00:00,0.1916455
2026-04-18 18:00:00,0.5079211
2026-04-18 19:00:00,0.66623527
2026-04-18 20:00:00,0.71472174
2026-04-18 21:00:00,0.60086066
2026-04-18 22:00:00,0.38483182
2026-04-18 23:00:00,0.2115941
2026-04-19 00:00:00,0.08737935
2026-04-19 01:00:00,-0.047457844
2026-04-19 02:00:00,-0.1954948
2026-04-19 03:00:00,-0.3285304
2026-04-19 04:00:00,-0.3379381
2026-04-19 05:00:00,0.008811894
2026-04-19 06:00:00,0.39326075
2026-04-19 07:00:00,0.6425372
2026-04-19 08:00:00,0.7969995
2026-04-19 09:00:00,0.8224308
2026-04-19 10:00:00,0.66144645
2026-04-19 11:00:00,0.45047203
2026-04-19 12:00:00,0.31904557
2026-04-19 13:00:00,0.19287862
2026-04-19 14:00:00,0.062780365
2026-04-19 15:00:00,-0.06887738
2026-04-19 16:00:00,-0.17298569
2026-04-19 17:00:00,0.004707657
2026-04-19 18:00:00,0.34340584
2026-04-19 19:00:00,0.5956632
2026-04-19 20:00:00,0.69159126
2026-04-19 21:00:00,0.6676722
2026-04-19 22:00:00,0.4989523
2026-04-19 23:00:00,0.3030209
2026-04-20 00:00:00,0.16132186
2026-04-20 01:00:00,0.037411448
2026-04-20 02:00:00,-0.09515619
2026-04-20 03:00:00,-0.2369759
2026-04-20 04:00:00,-0.33828637
2026-04-20 05:00:00,-0.15575819
2026-04-20 06:00:00,0.20403537
2026-04-20 07:00:00,0.5214785
2026-04-20 08:00:00,0.73251426
2026-04-20 09:00:00,0.8476332
2026-04-20 10:00:00,0.8153663
2026-04-20 11:00:00,0.62001115
2026-04-20 12:00:00,0.44316435
